ok	testvideo/1.MP4
ok	testvideo/2.MP4
ok	testvideo/3.MP4
ok	testvideo/4.MP4
ok	testvideo/5.mp4
ok	testvideo/6.MP4
ok	video/bad/0b7522e9db823b910ac67727aea726da.MP4
ok	video/bad/v0200fg10000d6olrffog65vrste5qqg.MOV
ok	video/bad/v0200fg10000d7nnh5vog65i52ermgog.MP4
ok	video/bad/v0300fg10000cusoptnog65pkehng280.MP4
ok	video/bad/v0300fg10000d664l37og65t6pnbois0.MOV
ok	video/bad/v0d00fg10000csgr6inog65n8mlpg2m0.MP4
ok	video/bad/v0d00fg10000ctm0ufvog65rqb97g2p0.MP4
ok	video/bad/v1e00fgi0000cv786ffog65rtmm48gmg.MOV
ok	video/bad/v2800fgi0000d4v24r7og65oi0fmka5g.MP4
ok	video/good/0946ed384e732c357a3d55fac77426c0.MP4
ok	video/good/3134552bed78447b9f7ba8e2003ce678.MP4
ok	video/good/3e6f37fe76521781506c19c02c1b97ed.MP4
ok	video/good/5382da0c825e30518ab376505cbcfaf2.MOV
ok	video/good/641efed02be271b6d9f014c97d1f8ae0.MOV
ok	video/good/86ae42724c8349913703af0f4140f6d2.MP4
ok	video/good/9ed0bb6c707fc47fce153cee3dcd365e.MP4
ok	video/good/d63bfbf8978cf8a962f613a489a14420.MP4
ok	video/good/v0200fg10000d6mln8vog65kajcq52dg.MP4
ok	video/good/v0200fg10000d7r0017og65qoh1vgeg0.MP4
ok	video/good/v0300fg10000d7h0ckfog65nmsn20jqg.MP4
ok	video/good/v1e00fgi0000d2bufenog65temc6sh70.MP4
ok	video/good/v1e00fgi0000d5utfk7og65q1chsrq8g.MP4
ok	video/good/v2800fgi0000d6m0mk7og65qamcvgf80.MP4
ok	video/good/v2800fgi0000d7o00ufog65t0ran4h1g.MP4
ok	video/middle/1c5771fc7dd1ea546eb5bc3e4e01bc48.MP4
ok	video/middle/4a7dfe960f07ac14b06bbd8de3d38aa4.MP4
ok	video/middle/4f9ec73b994b63b0775ccfb7a8ef7e6f.MP4
ok	video/middle/96001e37e76be9ef6cf7a65e73efcac4.MP4
ok	video/middle/9714be3aba73f5f94130750c2a15d381.MP4
ok	video/middle/992f063b79d27b96b471e44a48d8465e.MP4
ok	video/middle/a7791a475a244c938dd0815e89b1dec5.MP4
ok	video/middle/b343b317a6689df373085ec85e042480.MP4
ok	video/middle/ccfd9967aa6d3ab5abd04fb8991872c7.MOV
ok	video/middle/v0200fg10000coc7bcrc77u875h9q7sg.MP4
ok	video/middle/v0200fg10000d2tcts7og65t6h63ua2g.MP4
ok	video/middle/v0200fg10000d318sovog65g16lolm8g.MP4
ok	video/middle/v0200fg10000d6a4i57og65mkjkcdpu0.MP4
ok	video/middle/v0300fg10000d4oq6avog65ihr8qf550.MP4
ok	video/middle/v0300fg10000d5h313fog65nermuqklg.MP4
ok	video/middle/v0300fg10000d6fe0nnog65jmdun29vg.MP4
ok	video/middle/v0d00fg10000cu3omkvog65r22seg0t0.MP4
ok	video/middle/v1e00fgi0000d5bksdfog65irrhr4bog.MP4
ok	video/middle/v2800fgi0000d54jhefog65lbfdhma2g.MP4
ok	video/middle/v2800fgi0000d5ehg1vog65tinkepgl0.MP4
