alias	fi	t	cdx	cdy	mag	regOK	frameW	frameH	boxW	boxH	mean
BND2_LB	5	1.400	-0.47407	-0.18125	0.50754	0	270	480	0.167	0.412	0.753
BND2_LB	7	1.598	-0.00000	0.10833	0.10833	1	270	480	0.204	0.300	0.792
BND2_LB	8	1.800	0.04074	0.15833	0.16349	1	270	480	0.263	0.179	0.678
BND2_LB	9	1.998	-0.12963	0.01250	0.13023	1	270	480	0.285	0.158	0.600
BND2_LB	10	5.200	-0.49630	0.02500	0.49693	0	270	480	0.241	0.117	0.604
BND2_LB	33	6.800	-0.04074	-0.00625	0.04122	1	270	480	0.326	0.077	0.537
BND2_LB	34	7.000	-0.06296	-0.00625	0.06327	1	270	480	0.267	0.075	0.533
BND2_LB	35	7.400	-0.00000	0.09375	0.09375	1	270	480	0.237	0.079	0.537
BND2_LB	37	7.600	-0.00000	0.00208	0.00208	1	270	480	0.115	0.190	0.514
BND2_LB	38	7.800	-0.00000	0.00000	0.00000	1	270	480	0.078	0.206	0.514
BND2_LB	39	8.200	-0.00000	0.00417	0.00417	1	270	480	0.078	0.204	0.510
BND2_LB	41	8.400	-0.00000	0.00417	0.00417	1	270	480	0.156	0.183	0.510
BND2_LB	42	9.200	-0.00000	0.01667	0.01667	1	270	480	0.133	0.173	0.510
BND2_LB	46	11.798	-0.00000	-0.10625	0.10625	1	270	480	0.200	0.117	0.494
BND2_LB	59	11.998	0.45556	0.01875	0.45594	0	270	480	0.530	0.163	0.502
BND2_LB	60	12.198	0.05185	0.02500	0.05756	1	270	480	0.193	0.090	0.478
BND2_LB	61	12.398	0.01852	0.02917	0.03455	1	270	480	0.485	0.154	0.478
BND2_LB	62	12.598	-0.01481	0.02917	0.03271	1	270	480	0.556	0.148	0.471
BND2_LB	63	12.798	-0.05185	0.02708	0.05850	1	270	480	0.452	0.148	0.467
BND2_LB	64	12.998	-0.07778	0.02292	0.08108	1	270	480	0.541	0.156	0.455
BND2_LB	65	13.198	-0.07778	0.01875	0.08001	1	270	480	0.478	0.163	0.447
BND2_LB	66	13.398	-0.06296	0.01667	0.06513	1	270	480	0.456	0.135	0.439
BND2_LB	67	13.598	-0.04815	0.01875	0.05167	1	270	480	0.352	0.131	0.435
BND2_LB	68	13.798	-0.05556	0.02292	0.06010	1	270	480	0.104	0.223	0.431
BND2_LB	69	13.998	-0.03704	0.01875	0.04151	1	270	480	0.096	0.225	0.427
BND2_LB	70	14.198	0.00370	0.01458	0.01505	1	270	480	0.059	0.219	0.424
BND2_LB	71	14.398	0.01111	0.00208	0.01130	1	270	480	0.074	0.210	0.416
BND2_LB	72	14.998	0.10370	-0.71875	0.72619	0	270	480	0.052	0.215	0.412
BND2_LB	75	15.198	0.00741	-0.02708	0.02808	1	270	480	0.130	0.115	0.800
BND2_LB	76	15.398	0.00370	-0.00208	0.00425	1	270	480	0.085	0.129	0.753
BND2_LB	77	15.598	-0.00000	-0.00833	0.00833	1	270	480	0.096	0.115	0.710
BND2_LB	78	15.798	0.01481	-0.00208	0.01496	1	270	480	0.100	0.123	0.690
BND2_LB	79	15.998	0.01481	0.00000	0.01481	1	270	480	0.093	0.117	0.682
BND2_LB	80	16.198	0.02222	0.00625	0.02308	1	270	480	0.093	0.119	0.702
BND2_LB	81	16.398	-0.47778	0.01250	0.47794	0	270	480	0.093	0.121	0.694
BND2_LB	82	16.598	-0.45556	0.01875	0.45594	0	270	480	0.093	0.117	0.694
BND2_LB	83	25.198	-0.00000	0.02083	0.02083	1	270	480	0.096	0.110	0.706
BND2_LB	126	25.398	-0.02593	-0.00833	0.02723	1	270	480	0.044	0.123	0.663
BND2_LB	127	25.598	-0.07037	0.00000	0.07037	1	270	480	0.033	0.129	0.659
BND2_LB	128	25.798	0.01852	0.00000	0.01852	1	270	480	0.041	0.129	0.655
BND2_LB	129	25.998	0.01852	-0.01667	0.02491	1	270	480	0.041	0.127	0.663
BND2_LB	130	26.198	-0.01481	-0.03542	0.03839	1	270	480	0.048	0.125	0.675
BND2_LB	131	26.398	-0.05185	-0.03542	0.06279	1	270	480	0.059	0.131	0.671
BND2_LB	132	26.598	-0.08519	-0.02500	0.08878	1	270	480	0.070	0.119	0.655
BND2_LB	133	26.798	0.13704	0.17917	0.22557	1	270	480	0.059	0.127	0.639
BND2_LB	134	26.998	-0.01481	0.00000	0.01481	1	270	480	0.111	0.265	0.553
BND2_LB	135	27.198	-0.00000	0.00000	0.00000	1	270	480	0.133	0.277	0.557
BND2_LB	136	27.398	-0.00000	-0.00208	0.00208	1	270	480	0.144	0.283	0.553
BND2_LB	137	27.598	0.00741	-0.00417	0.00850	1	270	480	0.156	0.294	0.541
BND2_LB	138	27.798	0.00741	-0.01042	0.01278	1	270	480	0.170	0.298	0.533
BND2_LB	139	27.998	0.01852	-0.01250	0.02234	1	270	480	0.181	0.306	0.525
BND2_LB	140	28.198	0.01111	-0.01042	0.01523	1	270	480	0.200	0.319	0.514
BND2_LB	141	28.398	0.00741	-0.01042	0.01278	1	270	480	0.204	0.329	0.510
BND2_LB	142	28.598	0.01111	-0.00625	0.01275	1	270	480	0.219	0.340	0.514
BND2_LB	143	28.798	0.02593	-0.00833	0.02723	1	270	480	0.204	0.340	0.518
BND2_LB	144	28.998	0.02222	-0.00625	0.02308	1	270	480	0.222	0.346	0.514
BND2_LB	145	29.198	0.05185	-0.00417	0.05202	1	270	480	0.215	0.350	0.525
BND2_LB	146	29.398	0.02963	-0.00417	0.02992	1	270	480	0.211	0.346	0.529
BND2_LB	147	29.598	0.03333	-0.00417	0.03359	1	270	480	0.219	0.342	0.525
BND2_LB	148	29.798	0.49630	-0.00625	0.49634	0	270	480	0.074	0.217	0.541
BND2_LB	149	29.998	-0.02963	-0.00833	0.03078	1	270	480	0.207	0.325	0.533
BND2_LB	150	30.198	-0.01481	-0.00625	0.01608	1	270	480	0.193	0.310	0.553
BND2_LB	151	30.398	-0.01852	-0.00208	0.01864	1	270	480	0.193	0.300	0.561
BND2_LB	152	30.598	-0.00370	0.00000	0.00370	1	270	480	0.178	0.287	0.565
BND2_LB	153	30.798	0.00370	0.00000	0.00370	1	270	480	0.163	0.275	0.569
BND2_LB	154	30.998	0.01481	0.00000	0.01481	1	270	480	0.159	0.256	0.580
BND2_LB	155	31.198	-0.00000	0.00000	0.00000	1	270	480	0.163	0.242	0.573
BND2_LB	156	31.398	-0.00000	0.00000	0.00000	1	270	480	0.152	0.229	0.573
BND2_LB	157	31.598	-0.00000	0.00208	0.00208	1	270	480	0.126	0.223	0.573
BND2_LB	158	31.798	-0.44815	0.00625	0.44819	0	270	480	0.159	0.221	0.569
BND2_LB	159	31.998	-0.38148	0.00208	0.38149	0	270	480	0.126	0.208	0.600
BND2_LB	160	32.198	-0.03333	0.00208	0.03340	1	270	480	0.096	0.206	0.655
BND2_LB	161	32.398	-0.36667	0.01042	0.36681	0	270	480	0.030	0.190	0.624
BND2_LB	162	32.598	0.67778	0.10833	0.68638	0	270	480	0.044	0.183	0.490
BND2_L6	0	0.200	-0.00000	0.00000	0.00000	1	270	480	0.152	0.173	0.565
BND2_L6	1	0.400	-0.00000	0.00000	0.00000	1	270	480	0.148	0.167	0.569
BND2_L6	2	0.600	-0.00000	0.00000	0.00000	1	270	480	0.144	0.173	0.576
BND2_L6	3	0.800	-0.00000	0.00000	0.00000	1	270	480	0.163	0.167	0.580
BND2_L6	4	1.000	-0.00000	0.00000	0.00000	1	270	480	0.137	0.165	0.584
BND2_L6	5	1.200	-0.00000	0.00000	0.00000	1	270	480	0.130	0.173	0.588
BND2_L6	6	1.400	-0.00000	0.00000	0.00000	1	270	480	0.137	0.175	0.588
BND2_L6	7	1.598	-0.00000	0.00000	0.00000	1	270	480	0.144	0.167	0.588
BND2_L6	8	1.800	-0.00000	0.00000	0.00000	1	270	480	0.148	0.158	0.588
BND2_L6	9	1.998	-0.00000	0.00000	0.00000	1	270	480	0.152	0.163	0.584
BND2_L6	10	2.198	-0.00000	0.00000	0.00000	1	270	480	0.144	0.158	0.580
BND2_L6	11	2.400	-0.00000	0.00000	0.00000	1	270	480	0.148	0.163	0.576
BND2_L6	12	2.600	-0.00000	0.00000	0.00000	1	270	480	0.126	0.167	0.573
BND2_L6	13	2.800	-0.02593	0.00000	0.02593	1	270	480	0.115	0.177	0.573
BND2_L6	14	3.000	-0.00000	0.00000	0.00000	1	270	480	0.130	0.177	0.576
BND2_L6	15	3.200	-0.00000	0.00000	0.00000	1	270	480	0.141	0.185	0.580
BND2_L6	16	3.400	-0.00000	0.00000	0.00000	1	270	480	0.152	0.190	0.588
BND2_L6	17	3.600	-0.00000	0.00000	0.00000	1	270	480	0.156	0.196	0.588
BND2_L6	18	3.800	-0.00000	0.00000	0.00000	1	270	480	0.156	0.198	0.592
BND2_L6	19	4.000	-0.00000	0.00000	0.00000	1	270	480	0.185	0.196	0.592
BND2_L6	20	4.200	-0.00000	0.00000	0.00000	1	270	480	0.170	0.188	0.592
BND2_L6	21	4.400	-0.00000	0.00000	0.00000	1	270	480	0.174	0.171	0.584
BND2_L6	22	4.600	-0.00000	0.00000	0.00000	1	270	480	0.207	0.129	0.584
BND2_L6	23	5.000	-0.08519	-0.00208	0.08521	1	270	480	0.193	0.104	0.584
BND2_L6	25	5.200	-0.63333	0.59375	0.86813	0	270	480	0.263	0.160	0.569
BND2_L6	26	5.400	-0.00000	0.00000	0.00000	1	270	480	0.322	0.200	0.565
BND2_L6	27	5.600	-0.01481	0.00000	0.01481	1	270	480	0.333	0.212	0.565
BND2_L6	28	5.800	-0.01481	0.00000	0.01481	1	270	480	0.337	0.215	0.565
BND2_L6	29	6.000	-0.02222	0.00000	0.02222	1	270	480	0.333	0.219	0.565
BND2_L6	30	6.200	-0.00000	0.00000	0.00000	1	270	480	0.333	0.219	0.565
BND2_L6	31	6.400	-0.00000	0.00000	0.00000	1	270	480	0.333	0.229	0.569
BND2_L6	32	6.600	-0.00000	0.00000	0.00000	1	270	480	0.326	0.229	0.569
BND2_L6	33	6.800	-0.00000	0.00000	0.00000	1	270	480	0.319	0.227	0.569
BND2_L6	34	7.000	-0.00000	0.00000	0.00000	1	270	480	0.307	0.229	0.573
BND2_L6	35	7.200	0.02963	0.00000	0.02963	1	270	480	0.267	0.244	0.576
BND2_L6	36	7.400	-0.00000	0.00000	0.00000	1	270	480	0.233	0.256	0.580
BND2_L6	37	7.600	-0.00000	0.00000	0.00000	1	270	480	0.193	0.308	0.588
BND2_L6	38	7.800	-0.00000	0.00000	0.00000	1	270	480	0.141	0.277	0.596
BND2_L6	39	8.000	-0.00000	0.00000	0.00000	1	270	480	0.144	0.225	0.596
BND2_L6	40	8.200	-0.00000	0.00000	0.00000	1	270	480	0.181	0.206	0.596
BND2_L6	41	8.400	-0.00000	0.00000	0.00000	1	270	480	0.200	0.194	0.600
BND2_L6	42	8.600	-0.00000	0.00000	0.00000	1	270	480	0.252	0.150	0.600
BND2_L6	43	8.800	-0.01481	0.00000	0.01481	1	270	480	0.237	0.129	0.600
BND2_L6	44	9.000	-0.00000	0.00000	0.00000	1	270	480	0.141	0.121	0.604
BND2_L6	45	9.200	-0.00000	0.00000	0.00000	1	270	480	0.133	0.115	0.604
BND2_L6	46	9.398	-0.00000	0.00000	0.00000	1	270	480	0.122	0.119	0.604
BND2_L6	47	9.598	-0.00000	0.00000	0.00000	1	270	480	0.133	0.131	0.608
BND2_L6	48	9.798	-0.00000	0.00000	0.00000	1	270	480	0.126	0.144	0.608
BND2_L6	49	9.998	0.02222	0.00000	0.02222	1	270	480	0.119	0.148	0.604
BND2_L6	50	10.198	-0.00000	0.00000	0.00000	1	270	480	0.130	0.152	0.600
BND2_L6	51	10.398	0.02222	0.00000	0.02222	1	270	480	0.107	0.158	0.596
BND2_L6	52	10.598	-0.00000	0.00000	0.00000	1	270	480	0.137	0.160	0.592
BND2_L6	53	10.798	-0.00000	0.00000	0.00000	1	270	480	0.126	0.160	0.592
BND2_L6	54	10.998	-0.00000	0.00000	0.00000	1	270	480	0.144	0.169	0.592
BND2_L6	55	11.198	-0.00000	0.00000	0.00000	1	270	480	0.204	0.173	0.592
BND2_L6	56	11.398	-0.00000	0.00000	0.00000	1	270	480	0.144	0.171	0.592
BND2_L6	57	11.598	-0.00000	0.00000	0.00000	1	270	480	0.215	0.165	0.584
BND2_L6	58	11.798	-0.00000	0.00000	0.00000	1	270	480	0.215	0.165	0.584
BND2_L6	59	11.998	-0.00000	0.00000	0.00000	1	270	480	0.219	0.177	0.580
BND2_L6	60	12.198	-0.00000	0.00000	0.00000	1	270	480	0.144	0.194	0.584
BND2_L6	61	12.398	-0.00000	0.00000	0.00000	1	270	480	0.119	0.210	0.584
BND2_L6	62	12.598	-0.00000	0.00000	0.00000	1	270	480	0.115	0.225	0.588
BND2_L6	63	12.798	-0.00000	0.00000	0.00000	1	270	480	0.115	0.223	0.588
BND2_L6	64	12.998	-0.00000	0.00000	0.00000	1	270	480	0.170	0.206	0.588
BND2_L6	65	13.198	-0.00000	0.00000	0.00000	1	270	480	0.167	0.200	0.588
BND2_L6	66	13.398	-0.00000	0.00000	0.00000	1	270	480	0.204	0.179	0.588
BND2_L6	67	13.598	-0.00000	0.00000	0.00000	1	270	480	0.200	0.181	0.592
BND2_L6	68	13.798	-0.00000	0.00000	0.00000	1	270	480	0.207	0.179	0.596
BND2_L6	69	13.998	-0.00000	0.00000	0.00000	1	270	480	0.196	0.156	0.600
BND2_L6	70	14.198	-0.00000	0.00000	0.00000	1	270	480	0.178	0.150	0.600
BND2_L6	71	14.398	-0.00000	0.00000	0.00000	1	270	480	0.159	0.148	0.604
BND2_L6	72	14.598	-0.00000	0.69167	0.69167	0	270	480	0.174	0.138	0.604
BND2_L6	73	14.798	-0.00000	0.00000	0.00000	1	270	480	0.159	0.129	0.608
BND2_L6	74	14.998	-0.02222	0.00000	0.02222	1	270	480	0.152	0.121	0.612
BND2_L6	75	15.198	-0.00000	0.00000	0.00000	1	270	480	0.119	0.133	0.616
BND2_L6	76	15.398	-0.00000	0.00000	0.00000	1	270	480	0.141	0.142	0.616
BND2_L6	77	15.598	-0.00000	0.00000	0.00000	1	270	480	0.148	0.127	0.616
BND2_L6	78	15.798	-0.02222	0.00000	0.02222	1	270	480	0.133	0.125	0.612
BND2_L6	79	15.998	-0.01481	0.00208	0.01496	1	270	480	0.107	0.133	0.616
BND2_L6	80	16.198	-0.01111	0.00208	0.01130	1	270	480	0.122	0.123	0.620
BND2_L6	81	16.398	-0.00741	0.00208	0.00769	1	270	480	0.081	0.121	0.624
BND2_L6	82	16.598	-0.01111	0.00208	0.01130	1	270	480	0.122	0.144	0.620
BND2_L6	83	16.798	-0.05185	0.00208	0.05189	1	270	480	0.074	0.133	0.616
BND2_L6	84	16.998	-0.00370	0.00208	0.00425	1	270	480	0.056	0.133	0.620
BND2_L6	85	17.198	-0.00000	0.00000	0.00000	1	270	480	0.089	0.138	0.620
BND2_L6	86	17.398	-0.00000	0.00000	0.00000	1	270	480	0.096	0.135	0.620
BND2_L6	87	17.598	-0.00370	0.00000	0.00370	1	270	480	0.067	0.144	0.620
BND2_L6	88	17.798	0.00370	0.00000	0.00370	1	270	480	0.067	0.144	0.620
BND2_L6	89	17.998	0.00370	0.00000	0.00370	1	270	480	0.063	0.144	0.620
BND2_L6	90	18.198	-0.00000	0.00000	0.00000	1	270	480	0.078	0.142	0.620
BND2_L6	91	18.398	-0.00000	-0.00208	0.00208	1	270	480	0.100	0.138	0.616
BND2_L6	92	18.598	-0.00000	-0.00208	0.00208	1	270	480	0.119	0.133	0.616
BND2_L6	93	18.798	-0.00000	-0.00208	0.00208	1	270	480	0.137	0.127	0.616
BND2_L6	94	18.998	0.00741	-0.00208	0.00769	1	270	480	0.159	0.148	0.616
BND2_L6	95	19.598	0.75185	0.64167	0.98844	0	270	480	0.178	0.138	0.616
BND2_L6	98	19.798	0.04074	-0.01875	0.04485	1	270	480	0.178	0.202	0.541
BND2_L6	99	19.998	-0.00370	0.00000	0.00370	1	270	480	0.081	0.123	0.557
BND2_L6	100	20.198	-0.03704	0.00000	0.03704	1	270	480	0.089	0.133	0.561
BND2_L6	101	20.398	-0.03333	-0.01042	0.03492	1	270	480	0.089	0.142	0.565
BND2_L6	102	20.598	-0.00000	-0.01250	0.01250	1	270	480	0.085	0.140	0.565
BND2_L6	103	20.798	-0.00000	-0.00833	0.00833	1	270	480	0.122	0.133	0.569
BND2_L6	104	20.998	-0.51481	0.00000	0.51481	0	270	480	0.104	0.158	0.569
BND2_L6	105	21.198	-0.00000	0.00000	0.00000	1	270	480	0.130	0.150	0.569
BND2_L6	106	21.398	-0.00000	-0.01042	0.01042	1	270	480	0.107	0.156	0.569
BND2_L6	107	21.598	-0.00000	-0.01458	0.01458	1	270	480	0.133	0.165	0.569
BND2_L6	108	21.798	-0.02222	-0.02292	0.03192	1	270	480	0.185	0.110	0.561
BND2_L6	109	21.998	-0.01852	-0.02917	0.03455	1	270	480	0.222	0.127	0.565
BND2_L6	110	22.198	-0.01852	-0.03333	0.03813	1	270	480	0.222	0.154	0.569
BND2_L6	111	23.198	-0.75185	0.05000	0.75351	0	270	480	0.263	0.142	0.565
BND2_L6	116	23.398	0.74815	0.01458	0.74829	0	270	480	0.193	0.204	0.518
BND2_L6	117	23.598	-0.03333	-0.00833	0.03436	1	270	480	0.181	0.240	0.490
BND2_L6	118	23.798	0.03333	0.01458	0.03638	1	270	480	0.207	0.263	0.506
BND2_L6	119	23.998	0.06296	0.00000	0.06296	1	270	480	0.181	0.285	0.506
BND2_L6	120	24.198	-0.00000	0.00000	0.00000	1	270	480	0.178	0.290	0.514
BND2_L6	121	24.398	-0.05926	-0.01458	0.06103	1	270	480	0.207	0.269	0.525
BND2_L6	122	24.598	-0.02963	0.00000	0.02963	1	270	480	0.189	0.281	0.533
BND2_L6	123	24.798	-0.04815	0.00000	0.04815	1	270	480	0.304	0.269	0.525
BND2_L6	124	24.998	-0.00000	0.00000	0.00000	1	270	480	0.344	0.244	0.514
BND2_L6	125	25.198	0.02963	0.00000	0.02963	1	270	480	0.359	0.208	0.514
BND2_L6	126	25.398	0.14815	-0.01458	0.14886	1	270	480	0.315	0.127	0.518
BND2_L6	127	27.198	-0.45185	0.14167	0.47354	0	270	480	0.178	0.146	0.525
BND2_L6	136	27.398	0.68889	0.00833	0.68894	0	270	480	0.304	0.537	0.529
BND2_L6	137	27.598	-0.13333	0.00833	0.13359	1	270	480	0.407	0.515	0.525
BND2_L6	138	27.798	0.05556	-0.00417	0.05571	1	270	480	0.519	0.490	0.522
BND2_L6	139	27.998	0.08519	-0.01042	0.08582	1	270	480	0.496	0.390	0.514
BND2_L6	140	28.198	-0.00741	-0.01250	0.01453	1	270	480	0.500	0.381	0.525
BND2_L6	141	28.398	-0.03333	-0.01042	0.03492	1	270	480	0.367	0.327	0.525
BND2_L6	142	29.998	0.35926	-0.22708	0.42501	0	270	480	0.385	0.219	0.529
BND2_L6	150	30.198	0.52222	0.00000	0.52222	0	270	480	0.319	0.456	0.561
BND2_L6	151	30.398	0.04444	0.00000	0.04444	1	270	480	0.404	0.456	0.553
BND2_L6	152	30.598	-0.00000	0.00000	0.00000	1	270	480	0.456	0.446	0.549
BND2_L6	153	30.798	-0.00000	0.00000	0.00000	1	270	480	0.463	0.496	0.541
BND2_L6	154	30.998	-0.00000	0.00000	0.00000	1	270	480	0.381	0.496	0.533
BND2_L6	155	31.198	-0.00000	0.00000	0.00000	1	270	480	0.300	0.479	0.541
BND2_L6	156	31.398	-0.00000	0.00000	0.00000	1	270	480	0.296	0.421	0.545
BND2_L6	157	31.598	-0.00000	0.00000	0.00000	1	270	480	0.252	0.442	0.557
BND2_L6	158	31.798	-0.00000	0.00000	0.00000	1	270	480	0.215	0.392	0.565
BND2_L6	159	31.998	-0.05556	0.00000	0.05556	1	270	480	0.230	0.331	0.569
BND2_L6	160	32.198	-0.04444	0.00000	0.04444	1	270	480	0.211	0.277	0.569
BND2_L6	161	32.398	-0.03704	0.00000	0.03704	1	270	480	0.163	0.177	0.576
BND2_L6	162	32.598	-0.02222	0.00000	0.02222	1	270	480	0.181	0.208	0.573
BND2_L6	163	32.798	-0.00000	0.00000	0.00000	1	270	480	0.178	0.185	0.576
BND2_L6	164	32.998	-0.00000	0.00000	0.00000	1	270	480	0.159	0.175	0.573
BND2_L6	165	33.198	-0.00000	0.00000	0.00000	1	270	480	0.144	0.158	0.576
BND2_L6	166	33.398	0.01852	0.00000	0.01852	1	270	480	0.130	0.135	0.576
BND2_L6	167	33.598	0.02593	0.00000	0.02593	1	270	480	0.119	0.138	0.576
BND2_L6	168	33.798	0.02963	0.00000	0.02963	1	270	480	0.122	0.127	0.576
BND2_L6	169	33.998	0.02963	0.00000	0.02963	1	270	480	0.104	0.119	0.576
BND2_L6	170	34.198	-0.00000	0.00000	0.00000	1	270	480	0.096	0.117	0.573
BND2_L6	171	34.398	0.03333	0.00000	0.03333	1	270	480	0.107	0.121	0.573
BND2_L6	172	34.598	-0.00000	0.00000	0.00000	1	270	480	0.081	0.127	0.569
BND2_L6	173	34.798	-0.00000	0.00000	0.00000	1	270	480	0.096	0.131	0.565
BND2_L6	174	34.998	-0.00000	0.00000	0.00000	1	270	480	0.104	0.138	0.565
BND2_L6	175	35.198	-0.00000	0.00000	0.00000	1	270	480	0.089	0.150	0.565
BND2_L6	176	35.398	-0.00000	0.00000	0.00000	1	270	480	0.104	0.177	0.565
BND2_L6	177	35.598	-0.00000	0.00000	0.00000	1	270	480	0.107	0.194	0.565
BND2_L6	178	35.798	-0.01852	0.00000	0.01852	1	270	480	0.100	0.200	0.569
BND2_L6	179	35.998	-0.05185	0.00000	0.05185	1	270	480	0.159	0.169	0.573
BND2_L6	180	36.198	-0.06667	0.00000	0.06667	1	270	480	0.119	0.181	0.576
BND2_L6	181	36.398	-0.09259	0.00000	0.09259	1	270	480	0.163	0.183	0.576
BND2_L6	182	36.598	-0.09259	0.00000	0.09259	1	270	480	0.144	0.154	0.576
BND2_L6	183	36.798	-0.11481	0.00000	0.11481	1	270	480	0.133	0.144	0.576
BND2_L6	184	36.998	-0.11852	0.00000	0.11852	1	270	480	0.144	0.144	0.576
BND2_L6	185	37.198	-0.11852	0.00000	0.11852	1	270	480	0.137	0.142	0.580
BND2_L6	186	37.398	-0.11481	0.00000	0.11481	1	270	480	0.126	0.146	0.580
BND2_L6	187	37.598	-0.11481	0.00000	0.11481	1	270	480	0.104	0.133	0.584
BND2_L6	188	37.800	-0.14074	0.00000	0.14074	1	270	480	0.093	0.131	0.584
BND2_L6	189	38.000	-0.18148	0.00000	0.18148	1	270	480	0.093	0.127	0.576
BND2_L6	190	38.200	-0.17037	0.00000	0.17037	1	270	480	0.093	0.123	0.588
BND2_L6	191	38.400	-0.14444	0.00000	0.14444	1	270	480	0.078	0.140	0.584
BND2_L6	192	38.600	-0.04444	0.00000	0.04444	1	270	480	0.081	0.146	0.576
BND2_L6	193	38.800	-0.00000	0.01250	0.01250	1	270	480	0.093	0.131	0.576
BND2_L6	194	39.000	-0.00000	0.01042	0.01042	1	270	480	0.089	0.121	0.580
BND2_L6	195	39.200	-0.00000	0.00000	0.00000	1	270	480	0.074	0.117	0.576
BND2_L6	196	39.400	-0.00000	0.00000	0.00000	1	270	480	0.059	0.110	0.580
BND2_L6	197	39.600	-0.00000	0.00000	0.00000	1	270	480	0.081	0.108	0.580
BND2_L6	198	39.800	-0.01111	0.00000	0.01111	1	270	480	0.074	0.102	0.584
BND2_L6	202	40.600	0.02593	0.00000	0.02593	1	270	480	0.093	0.100	0.584
BND2_L6	203	40.800	0.02593	0.00833	0.02723	1	270	480	0.107	0.102	0.584
BND2_L6	204	41.000	-0.00000	0.01250	0.01250	1	270	480	0.119	0.108	0.580
BND2_L6	205	41.200	-0.00000	0.01875	0.01875	1	270	480	0.111	0.115	0.576
BND2_L6	206	41.400	-0.00000	0.01875	0.01875	1	270	480	0.119	0.119	0.573
BND2_L6	207	41.600	-0.00000	0.01458	0.01458	1	270	480	0.126	0.129	0.569
BND2_L6	208	41.800	-0.00000	0.01667	0.01667	1	270	480	0.126	0.135	0.565
BND2_L6	209	42.000	-0.00000	0.00833	0.00833	1	270	480	0.126	0.154	0.561
BND2_L6	210	42.200	-0.00000	0.00000	0.00000	1	270	480	0.122	0.165	0.561
BND2_L6	211	42.400	0.04444	-0.00208	0.04449	1	270	480	0.130	0.181	0.561
BND2_L6	212	42.600	0.07778	-0.00417	0.07789	1	270	480	0.152	0.198	0.569
BND2_L6	213	42.800	0.03704	-0.01667	0.04061	1	270	480	0.178	0.212	0.561
BND2_L6	214	43.000	-0.00000	-0.02500	0.02500	1	270	480	0.207	0.229	0.557
BND2_L6	215	43.200	-0.45926	-0.02292	0.45983	0	270	480	0.207	0.237	0.561
BND2_L6	216	43.400	-0.47407	-0.01667	0.47437	0	270	480	0.178	0.287	0.569
BND2_L6	217	43.600	-0.00370	-0.01458	0.01505	1	270	480	0.133	0.296	0.580
BND2_L6	218	43.800	0.04444	-0.01250	0.04617	1	270	480	0.137	0.283	0.580
BND2_L6	219	44.000	0.00741	-0.00625	0.00969	1	270	480	0.174	0.258	0.576
BND2_L6	220	44.200	-0.00370	0.00000	0.00370	1	270	480	0.178	0.225	0.573
BND2_L6	221	44.400	-0.01852	0.00208	0.01864	1	270	480	0.174	0.217	0.573
BND2_L6	222	44.600	-0.00000	0.00625	0.00625	1	270	480	0.170	0.206	0.573
BND2_L6	223	44.800	-0.00000	0.01042	0.01042	1	270	480	0.170	0.200	0.569
BND2_L6	224	45.000	0.01481	0.01250	0.01938	1	270	480	0.152	0.183	0.573
BND2_L6	225	45.200	0.02963	0.01042	0.03141	1	270	480	0.130	0.169	0.573
BND2_L6	226	45.400	0.02593	0.00625	0.02667	1	270	480	0.141	0.158	0.573
BND2_L6	227	45.600	-0.71111	-0.15417	0.72763	0	270	480	0.133	0.154	0.573
BND2_L6	228	45.800	-0.00000	0.00000	0.00000	1	270	480	0.181	0.217	0.604
BND2_L6	229	46.000	-0.00000	0.00000	0.00000	1	270	480	0.163	0.229	0.600
BND2_L6	230	46.200	-0.00000	0.00000	0.00000	1	270	480	0.133	0.229	0.600
BND2_L6	231	46.400	-0.00000	0.00000	0.00000	1	270	480	0.122	0.242	0.600
BND2_L6	232	46.600	-0.00000	0.00000	0.00000	1	270	480	0.133	0.231	0.600
BND2_L6	233	46.800	-0.00000	0.00000	0.00000	1	270	480	0.148	0.225	0.596
BND2_L6	234	47.000	-0.00000	0.00000	0.00000	1	270	480	0.152	0.227	0.600
BND2_L6	235	47.200	-0.00000	0.00000	0.00000	1	270	480	0.133	0.221	0.600
BND2_L6	236	47.400	-0.00000	0.00000	0.00000	1	270	480	0.148	0.210	0.604
BND2_L6	237	47.600	-0.00000	0.00000	0.00000	1	270	480	0.152	0.167	0.604
BND2_L6	238	47.800	-0.00000	0.00000	0.00000	1	270	480	0.141	0.150	0.600
BND2_L6	239	48.000	-0.00000	0.00000	0.00000	1	270	480	0.141	0.144	0.604
BND2_L6	240	48.200	-0.00000	0.00000	0.00000	1	270	480	0.141	0.135	0.604
BND2_L6	241	48.400	-0.00000	0.00000	0.00000	1	270	480	0.141	0.125	0.604
BND2_L6	242	48.600	-0.00000	0.01250	0.01250	1	270	480	0.133	0.125	0.604
BND2_L6	243	48.800	-0.00000	0.01250	0.01250	1	270	480	0.096	0.148	0.600
BND2_L6	244	49.000	0.00741	0.00208	0.00769	1	270	480	0.111	0.152	0.600
BND2_L6	245	49.200	-0.00000	0.00000	0.00000	1	270	480	0.096	0.135	0.596
BND2_L6	246	49.400	-0.00000	0.00000	0.00000	1	270	480	0.111	0.133	0.604
BND2_L6	247	49.600	-0.00000	0.00000	0.00000	1	270	480	0.119	0.140	0.604
BND2_L6	248	49.800	-0.00000	0.00000	0.00000	1	270	480	0.107	0.117	0.604
BND2_L6	249	50.000	-0.00000	0.00000	0.00000	1	270	480	0.078	0.133	0.604
BND2_L6	250	50.200	-0.00000	0.00000	0.00000	1	270	480	0.104	0.129	0.604
BND2_L6	251	50.400	-0.00000	0.00000	0.00000	1	270	480	0.093	0.133	0.608
BND2_L6	252	50.600	-0.00000	0.00000	0.00000	1	270	480	0.085	0.125	0.608
BND2_L6	253	50.800	-0.00000	0.00000	0.00000	1	270	480	0.085	0.138	0.604
BND2_L6	254	51.000	-0.00000	0.00000	0.00000	1	270	480	0.041	0.152	0.604
BND2_L6	255	51.200	-0.00000	0.00000	0.00000	1	270	480	0.048	0.163	0.604
BND2_L6	256	51.400	-0.00000	0.00000	0.00000	1	270	480	0.078	0.169	0.600
BND2_L6	257	51.600	-0.00000	0.00000	0.00000	1	270	480	0.093	0.167	0.592
BND2_L6	258	51.800	-0.00000	0.00000	0.00000	1	270	480	0.115	0.171	0.584
BND2_L6	259	52.000	-0.00000	0.00000	0.00000	1	270	480	0.144	0.148	0.580
BND2_L6	260	52.200	-0.00000	0.00000	0.00000	1	270	480	0.159	0.154	0.573
BND2_L6	261	52.400	-0.00000	0.00000	0.00000	1	270	480	0.137	0.142	0.573
BND2_L6	262	52.600	-0.00000	0.00000	0.00000	1	270	480	0.152	0.150	0.569
BND2_L6	263	52.800	-0.00000	0.01042	0.01042	1	270	480	0.156	0.146	0.565
BND2_L6	264	53.000	-0.00741	0.01042	0.01278	1	270	480	0.144	0.135	0.573
BND2_L6	265	53.200	-0.01481	0.00833	0.01700	1	270	480	0.137	0.138	0.576
BND2_L6	266	53.400	-0.03333	0.00625	0.03391	1	270	480	0.137	0.144	0.580
BND2_L6	267	53.600	-0.69259	0.00417	0.69261	0	270	480	0.141	0.146	0.584
BND2_L6	268	53.800	-0.04444	0.00208	0.04449	1	270	480	0.115	0.156	0.588
BND2_L6	269	54.000	-0.03704	0.00000	0.03704	1	270	480	0.085	0.160	0.592
BND2_L6	270	54.200	-0.05185	0.00000	0.05185	1	270	480	0.104	0.160	0.592
BND2_L6	271	54.400	-0.00000	0.00000	0.00000	1	270	480	0.096	0.154	0.592
BND2_L6	272	54.600	-0.02963	-0.00208	0.02970	1	270	480	0.104	0.140	0.592
BND2_L6	273	54.800	-0.00741	0.00000	0.00741	1	270	480	0.104	0.142	0.592
BND2_L6	274	55.000	0.00741	-0.00208	0.00769	1	270	480	0.111	0.138	0.592
BND2_L6	275	55.200	-0.00000	-0.00208	0.00208	1	270	480	0.111	0.138	0.588
BND2_L6	276	55.400	-0.00000	0.00000	0.00000	1	270	480	0.104	0.150	0.588
BND2_L6	277	55.600	-0.00741	0.00000	0.00741	1	270	480	0.093	0.158	0.588
BND2_L6	278	55.800	-0.01852	0.00000	0.01852	1	270	480	0.081	0.169	0.588
BND2_L6	279	56.000	-0.02963	0.00000	0.02963	1	270	480	0.100	0.165	0.592
BND2_L6	280	56.200	-0.04074	0.00000	0.04074	1	270	480	0.144	0.154	0.596
BND2_L6	281	56.400	-0.04815	0.00000	0.04815	1	270	480	0.144	0.148	0.596
BND2_L6	282	56.600	-0.00000	0.00000	0.00000	1	270	480	0.144	0.127	0.600
BND2_L6	283	56.800	0.60000	-0.00417	0.60001	0	270	480	0.141	0.127	0.600
BND2_L6	284	57.000	-0.00741	-0.00417	0.00850	1	270	480	0.126	0.152	0.600
BND2_L6	285	57.200	-0.00000	-0.00417	0.00417	1	270	480	0.081	0.148	0.596
BND2_L6	286	57.400	-0.28148	-0.00417	0.28151	1	270	480	0.104	0.140	0.592
BND2_L6	287	57.600	0.01481	-0.00417	0.01539	1	270	480	0.100	0.125	0.592
BND2_L6	288	57.800	-0.00000	-0.00417	0.00417	1	270	480	0.100	0.131	0.596
BND2_L6	289	58.000	0.50000	-0.29167	0.57885	0	270	480	0.067	0.123	0.600
BND2_L6	290	58.200	-0.00000	0.00000	0.00000	1	270	480	0.296	0.175	0.631
BND2_L6	291	58.400	-0.00000	0.00000	0.00000	1	270	480	0.274	0.142	0.631
BND2_L6	292	58.600	-0.00000	0.00000	0.00000	1	270	480	0.241	0.123	0.631
BND2_L6	293	59.000	-0.00000	0.00000	0.00000	1	270	480	0.196	0.115	0.631
BND2_L6	295	59.200	-0.00000	0.00000	0.00000	1	270	480	0.159	0.087	0.627
BND2_L6	296	59.400	-0.00000	0.00000	0.00000	1	270	480	0.174	0.094	0.627
BND2_L6	297	59.600	0.51481	0.00000	0.51481	0	270	480	0.126	0.131	0.627
BND2_L6	298	59.800	-0.00000	0.00000	0.00000	1	270	480	0.122	0.148	0.627
BND2_L6	299	60.000	-0.00000	0.00000	0.00000	1	270	480	0.107	0.154	0.627
BND2_L6	300	60.200	-0.00000	0.00000	0.00000	1	270	480	0.107	0.156	0.624
BND2_L6	301	60.400	-0.00000	0.00000	0.00000	1	270	480	0.100	0.144	0.620
BND2_L6	302	60.600	-0.00000	0.00000	0.00000	1	270	480	0.167	0.173	0.620
BND2_L6	303	60.800	-0.00000	0.00000	0.00000	1	270	480	0.204	0.154	0.620
BND2_L6	304	61.000	-0.00000	0.00000	0.00000	1	270	480	0.163	0.165	0.620
BND2_L6	305	61.200	-0.00000	0.00000	0.00000	1	270	480	0.096	0.190	0.612
BND2_L6	306	61.400	-0.00000	0.00000	0.00000	1	270	480	0.093	0.185	0.616
BND2_L6	307	61.600	-0.00000	0.00000	0.00000	1	270	480	0.119	0.183	0.616
BND2_L6	308	61.800	0.02593	0.00000	0.02593	1	270	480	0.115	0.175	0.620
BND2_L6	309	62.000	-0.00000	0.00000	0.00000	1	270	480	0.119	0.160	0.620
BND2_L6	310	62.200	-0.00000	0.00000	0.00000	1	270	480	0.148	0.152	0.616
BND2_L6	311	62.400	-0.00000	0.00000	0.00000	1	270	480	0.178	0.144	0.620
BND2_L6	312	62.600	-0.00000	0.00000	0.00000	1	270	480	0.185	0.127	0.624
BND2_L6	313	62.800	-0.00000	0.00000	0.00000	1	270	480	0.159	0.102	0.627
BND2_L6	314	63.000	-0.00000	0.00000	0.00000	1	270	480	0.159	0.102	0.627
BND2_L6	315	63.400	-0.00000	0.00000	0.00000	1	270	480	0.133	0.083	0.627
BND2_L6	317	63.600	-0.00000	0.00000	0.00000	1	270	480	0.133	0.094	0.624
BND2_L6	318	63.800	-0.00000	0.00000	0.00000	1	270	480	0.133	0.123	0.624
BND2_L6	319	64.000	-0.00000	0.00000	0.00000	1	270	480	0.137	0.127	0.620
BND2_L6	320	64.200	-0.00000	0.00000	0.00000	1	270	480	0.144	0.135	0.616
BND2_L6	321	64.400	-0.00000	0.00000	0.00000	1	270	480	0.170	0.152	0.612
BND2_L6	322	64.600	-0.00000	0.00000	0.00000	1	270	480	0.159	0.158	0.612
BND2_L6	323	64.800	-0.00000	0.00000	0.00000	1	270	480	0.170	0.165	0.616
BND2_L6	324	65.000	-0.00000	0.00000	0.00000	1	270	480	0.170	0.173	0.616
BND2_L6	325	65.200	-0.00000	0.00000	0.00000	1	270	480	0.144	0.175	0.620
BND2_L6	326	65.400	-0.00000	0.00000	0.00000	1	270	480	0.141	0.177	0.616
BND2_L6	327	65.600	-0.00000	0.00000	0.00000	1	270	480	0.178	0.171	0.616
BND2_L6	328	65.800	-0.00000	0.00000	0.00000	1	270	480	0.289	0.169	0.612
BND2_L6	329	66.000	-0.00000	0.00000	0.00000	1	270	480	0.281	0.177	0.616
BND2_L6	330	66.200	-0.00000	0.00000	0.00000	1	270	480	0.256	0.152	0.616
BND2_L6	331	66.400	-0.00000	0.00000	0.00000	1	270	480	0.244	0.148	0.616
BND2_L6	332	66.600	-0.00000	0.00000	0.00000	1	270	480	0.244	0.144	0.616
BND2_L5	0	0.200	-0.12222	0.00000	0.12222	1	270	480	0.337	0.308	0.769
BND2_L5	1	0.400	-0.00000	0.00000	0.00000	1	270	480	0.070	0.129	0.737
BND2_L5	2	0.600	-0.00000	0.00000	0.00000	1	270	480	0.352	0.308	0.741
BND2_L5	3	0.800	-0.00000	0.00000	0.00000	1	270	480	0.359	0.304	0.741
BND2_L5	4	1.000	-0.00000	0.00000	0.00000	1	270	480	0.330	0.315	0.749
BND2_L5	5	1.200	-0.00000	0.00000	0.00000	1	270	480	0.322	0.323	0.753
BND2_L5	6	1.400	-0.00000	0.00000	0.00000	1	270	480	0.296	0.325	0.753
BND2_L5	7	1.598	-0.00000	0.00000	0.00000	1	270	480	0.285	0.319	0.749
BND2_L5	8	1.800	-0.00000	0.00000	0.00000	1	270	480	0.285	0.325	0.749
BND2_L5	9	1.998	-0.05926	0.00000	0.05926	1	270	480	0.267	0.338	0.753
BND2_L5	10	2.198	-0.67407	0.00000	0.67407	0	270	480	0.263	0.350	0.753
BND2_L5	11	2.400	-0.75185	0.00000	0.75185	0	270	480	0.241	0.365	0.757
BND2_L5	12	2.600	0.12222	0.00000	0.12222	1	270	480	0.237	0.371	0.761
BND2_L5	13	2.800	-0.00000	0.00000	0.00000	1	270	480	0.274	0.373	0.765
BND2_L5	14	3.000	-0.00000	0.00000	0.00000	1	270	480	0.293	0.375	0.765
BND2_L5	15	3.200	-0.00000	0.00000	0.00000	1	270	480	0.330	0.379	0.761
BND2_L5	16	3.400	0.05926	0.00000	0.05926	1	270	480	0.433	0.365	0.757
BND2_L5	17	3.600	0.12222	0.00000	0.12222	1	270	480	0.389	0.390	0.757
BND2_L5	18	3.800	-0.00000	0.00000	0.00000	1	270	480	0.100	0.127	0.757
BND2_L5	19	4.000	-0.00000	0.00000	0.00000	1	270	480	0.104	0.127	0.753
BND2_L5	20	4.200	-0.00000	0.00000	0.00000	1	270	480	0.107	0.129	0.745
BND2_L5	21	4.400	-0.00000	0.00000	0.00000	1	270	480	0.104	0.127	0.745
BND2_L5	22	4.600	-0.00000	0.00000	0.00000	1	270	480	0.107	0.131	0.749
BND2_L5	23	4.800	-0.00000	0.00000	0.00000	1	270	480	0.107	0.131	0.749
BND2_L5	24	5.000	-0.00000	0.00000	0.00000	1	270	480	0.111	0.135	0.741
BND2_L5	25	6.000	-0.12222	0.00000	0.12222	1	270	480	0.107	0.135	0.741
BND2_L4	0	4.200	0.73801	-0.23125	0.77339	0	271	480	0.347	0.129	0.494
BND2_L4	21	4.400	-0.00000	0.00000	0.00000	1	271	480	0.125	0.108	0.596
BND2_L4	22	4.600	-0.00000	0.00000	0.00000	1	271	480	0.133	0.106	0.596
BND2_L4	23	4.800	-0.00000	0.00000	0.00000	1	271	480	0.122	0.113	0.608
BND2_L4	24	5.000	-0.00000	0.00000	0.00000	1	271	480	0.129	0.110	0.616
BND2_L4	25	5.200	-0.00000	0.00000	0.00000	1	271	480	0.144	0.110	0.620
BND2_L4	26	5.400	-0.00000	0.00000	0.00000	1	271	480	0.118	0.117	0.620
BND2_L4	27	5.600	-0.00000	0.00000	0.00000	1	271	480	0.144	0.119	0.616
BND2_L4	28	5.800	-0.00000	0.00000	0.00000	1	271	480	0.133	0.125	0.620
BND2_L4	29	6.000	-0.00000	0.00000	0.00000	1	271	480	0.144	0.129	0.620
BND2_L4	30	6.200	-0.08856	0.00000	0.08856	1	271	480	0.137	0.138	0.616
BND2_L4	31	6.400	-0.04797	0.00000	0.04797	1	271	480	0.122	0.125	0.612
BND2_L4	32	6.600	-0.04797	0.00000	0.04797	1	271	480	0.129	0.129	0.608
BND2_L4	33	6.800	-0.14391	0.00000	0.14391	1	271	480	0.122	0.131	0.596
BND2_L4	34	7.000	-0.19188	0.00000	0.19188	1	271	480	0.192	0.123	0.580
BND2_L4	35	7.200	-0.24354	0.00000	0.24354	1	271	480	0.118	0.127	0.553
BND2_L4	36	10.198	-0.43911	-0.04167	0.44109	0	271	480	0.203	0.081	0.525
BND2_L4	51	10.398	-0.00000	0.00000	0.00000	1	271	480	0.192	0.062	0.518
BND2_L4	52	10.598	-0.00000	0.00000	0.00000	1	271	480	0.166	0.069	0.518
BND2_L3	0	0.200	-0.00000	0.00000	0.00000	1	270	480	0.141	0.227	0.533
BND2_L3	1	0.400	-0.00000	0.00000	0.00000	1	270	480	0.141	0.233	0.533
BND2_L3	2	0.600	-0.00000	0.00000	0.00000	1	270	480	0.119	0.244	0.541
BND2_L3	3	1.000	-0.00000	0.00000	0.00000	1	270	480	0.122	0.258	0.541
BND2_L3	5	1.200	-0.00000	0.00000	0.00000	1	270	480	0.152	0.290	0.541
BND2_L3	6	1.400	-0.00000	0.00000	0.00000	1	270	480	0.152	0.294	0.549
BND2_L3	7	1.598	-0.05556	0.00000	0.05556	1	270	480	0.156	0.308	0.557
BND2_L3	8	1.800	-0.07037	0.00000	0.07037	1	270	480	0.193	0.323	0.565
BND2_L3	9	1.998	-0.02593	0.00000	0.02593	1	270	480	0.226	0.327	0.569
BND2_L3	10	2.198	-0.01481	0.00000	0.01481	1	270	480	0.222	0.329	0.569
BND2_L3	11	2.400	-0.00000	0.00000	0.00000	1	270	480	0.267	0.338	0.584
BND2_L3	12	2.600	-0.00000	0.00000	0.00000	1	270	480	0.289	0.346	0.596
BND2_L3	13	2.800	-0.00000	0.00000	0.00000	1	270	480	0.315	0.348	0.608
BND2_L3	14	3.000	-0.00000	0.00000	0.00000	1	270	480	0.337	0.367	0.620
BND2_L3	15	3.200	-0.00000	0.00000	0.00000	1	270	480	0.381	0.394	0.624
BND2_L3	16	3.400	-0.04074	0.00000	0.04074	1	270	480	0.404	0.412	0.631
BND2_L3	17	3.600	-0.04074	0.00000	0.04074	1	270	480	0.437	0.444	0.631
BND2_L3	18	3.800	-0.00000	0.00000	0.00000	1	270	480	0.467	0.435	0.620
BND2_L3	19	4.000	-0.00000	0.00000	0.00000	1	270	480	0.356	0.427	0.624
BND2_L3	20	4.200	-0.00000	0.00000	0.00000	1	270	480	0.430	0.421	0.620
BND2_L3	21	4.400	-0.00000	0.00000	0.00000	1	270	480	0.326	0.404	0.616
BND2_L3	22	4.600	-0.00000	0.00000	0.00000	1	270	480	0.367	0.385	0.612
BND2_L3	23	4.800	-0.01481	-0.00625	0.01608	1	270	480	0.256	0.383	0.612
BND2_L3	24	5.000	0.34815	0.47708	0.59061	0	270	480	0.270	0.421	0.620
BND2_L3	25	5.200	-0.21852	0.64167	0.67785	0	270	480	0.119	0.135	0.627
BND2_L3	26	5.400	-0.13333	-0.62500	0.63906	0	270	480	0.307	0.460	0.639
BND2_L3	27	5.600	-0.08148	-0.00417	0.08159	1	270	480	0.352	0.342	0.600
BND2_L3	28	5.800	-0.01111	-0.00208	0.01130	1	270	480	0.319	0.260	0.596
BND2_L3	29	6.000	-0.01111	-0.00208	0.01130	1	270	480	0.326	0.256	0.596
BND2_L3	30	6.200	-0.01111	-0.00417	0.01187	1	270	480	0.326	0.252	0.596
BND2_L3	31	6.400	-0.00370	-0.00208	0.00425	1	270	480	0.319	0.244	0.596
BND2_L3	32	6.600	-0.00741	-0.00208	0.00769	1	270	480	0.304	0.231	0.596
BND2_L3	33	6.800	-0.00000	-0.00208	0.00208	1	270	480	0.293	0.221	0.596
BND2_L3	34	7.000	-0.00370	-0.00208	0.00425	1	270	480	0.278	0.215	0.596
BND2_L3	35	7.200	-0.00000	-0.00417	0.00417	1	270	480	0.281	0.208	0.596
BND2_L3	36	7.400	-0.00741	-0.00208	0.00769	1	270	480	0.274	0.204	0.596
BND2_L3	37	7.600	-0.01481	-0.00208	0.01496	1	270	480	0.270	0.200	0.596
BND2_L3	38	7.800	-0.01852	-0.00208	0.01864	1	270	480	0.252	0.196	0.596
BND2_L3	39	8.000	-0.01481	-0.00208	0.01496	1	270	480	0.259	0.192	0.596
BND2_L3	40	9.200	-0.00000	-0.00417	0.00417	1	270	480	0.248	0.177	0.596
BND2_L2	0	0.200	0.00741	0.00208	0.00769	1	270	480	0.122	0.183	0.694
BND2_L2	1	0.400	-0.00000	0.00208	0.00208	1	270	480	0.152	0.183	0.702
BND2_L2	2	0.600	0.00741	0.00000	0.00741	1	270	480	0.174	0.198	0.706
BND2_L2	3	0.800	0.00741	0.00000	0.00741	1	270	480	0.111	0.204	0.710
BND2_L2	4	1.000	0.01111	0.00000	0.01111	1	270	480	0.119	0.215	0.710
BND2_L2	5	1.200	0.00370	-0.00208	0.00425	1	270	480	0.137	0.215	0.706
BND2_L2	6	1.400	-0.00000	-0.00208	0.00208	1	270	480	0.119	0.233	0.710
BND2_L2	7	1.598	-0.00000	-0.00417	0.00417	1	270	480	0.122	0.252	0.714
BND2_L2	8	1.800	-0.72222	-0.74792	1.03970	0	270	480	0.122	0.265	0.710
BND2_L2	9	1.998	0.04815	0.00208	0.04819	1	270	480	0.511	0.490	0.686
BND2_L2	10	2.198	-0.00741	0.00208	0.00769	1	270	480	0.041	0.110	0.678
BND2_L2	11	2.400	0.10000	0.00208	0.10002	1	270	480	0.400	0.529	0.722
BND2_L2	12	2.600	-0.00741	0.00208	0.00769	1	270	480	0.356	0.383	0.718
BND2_L2	13	2.800	-0.00000	0.00000	0.00000	1	270	480	0.289	0.458	0.729
BND2_L2	14	3.000	-0.50000	0.00000	0.50000	0	270	480	0.296	0.388	0.722
BND2_L2	15	3.200	-0.00000	0.73958	0.73958	0	270	480	0.281	0.392	0.722
BND2_L2	16	3.400	-0.00370	-0.74375	0.74376	0	270	480	0.278	0.350	0.722
BND2_L2	17	3.600	-0.02963	0.75000	0.75059	0	270	480	0.215	0.321	0.718
BND2_L2	18	3.800	-0.00370	-0.75000	0.75001	0	270	480	0.189	0.310	0.714
BND2_L2	19	4.000	-0.01481	0.00417	0.01539	1	270	480	0.193	0.290	0.714
BND2_L2	20	4.200	-0.01481	0.00625	0.01608	1	270	480	0.159	0.273	0.706
BND2_L2	21	4.400	-0.02963	0.01042	0.03141	1	270	480	0.156	0.254	0.698
BND2_L2	22	4.600	-0.03333	0.01458	0.03638	1	270	480	0.170	0.229	0.694
BND2_L2	23	4.800	-0.01852	0.00625	0.01954	1	270	480	0.133	0.206	0.690
BND2_L2	24	5.000	-0.01852	-0.02292	0.02946	1	270	480	0.148	0.210	0.686
BND2_L2	25	5.200	0.49259	-0.02500	0.49323	0	270	480	0.152	0.231	0.686
BND2_L2	26	5.400	0.02593	-0.03958	0.04732	1	270	480	0.156	0.267	0.690
BND2_L2	27	5.600	0.00370	-0.02500	0.02527	1	270	480	0.193	0.300	0.702
BND2_L2	28	5.800	0.01852	0.00417	0.01898	1	270	480	0.226	0.335	0.710
BND2_L2	29	6.000	0.02963	0.00833	0.03078	1	270	480	0.241	0.317	0.706
BND2_L2	30	6.200	0.02222	0.00417	0.02261	1	270	480	0.222	0.298	0.702
BND2_L2	31	6.400	0.01852	0.00417	0.01898	1	270	480	0.215	0.283	0.702
BND2_L2	32	6.600	0.00741	0.00833	0.01115	1	270	480	0.193	0.265	0.706
BND2_L2	33	6.800	-0.01111	0.00833	0.01389	1	270	480	0.178	0.254	0.698
BND2_L2	34	7.000	-0.02222	0.01458	0.02658	1	270	480	0.174	0.240	0.702
BND2_L2	35	7.200	0.62222	-0.02500	0.62272	0	270	480	0.178	0.227	0.702
BND2_L2	36	7.400	-0.01111	-0.08958	0.09027	1	270	480	0.189	0.252	0.694
BND2_L2	37	7.600	-0.62963	-0.06458	0.63293	0	270	480	0.259	0.325	0.710
BND2_L2	38	7.800	-0.01481	-0.01250	0.01938	1	270	480	0.304	0.356	0.725
BND2_L2	39	8.000	-0.05185	0.02500	0.05756	1	270	480	0.278	0.342	0.714
BND2_L2	40	8.200	-0.06296	0.03958	0.07437	1	270	480	0.304	0.331	0.694
BND2_L2	41	8.400	-0.04815	0.05000	0.06941	1	270	480	0.230	0.317	0.682
BND2_L2	42	8.600	-0.02593	0.05208	0.05818	1	270	480	0.274	0.308	0.671
BND2_L2	43	8.800	-0.01481	0.03333	0.03648	1	270	480	0.207	0.298	0.667
BND2_L2	44	9.000	-0.01111	0.02292	0.02547	1	270	480	0.241	0.279	0.671
BND2_L2	45	9.200	0.01111	0.00833	0.01389	1	270	480	0.196	0.267	0.682
BND2_L2	46	9.398	0.01852	0.00000	0.01852	1	270	480	0.156	0.256	0.686
BND2_L2	47	9.598	0.02963	-0.00625	0.03028	1	270	480	0.167	0.256	0.686
BND2_L2	48	9.798	0.04074	-0.00833	0.04158	1	270	480	0.174	0.244	0.690
BND2_L2	49	9.998	0.02593	-0.00417	0.02626	1	270	480	0.096	0.223	0.675
BND2_L2	50	10.198	0.02963	0.00625	0.03028	1	270	480	0.093	0.219	0.678
BND2_L2	51	10.398	0.49259	0.00208	0.49260	0	270	480	0.156	0.206	0.671
BND2_L2	52	10.598	-0.55556	-0.02292	0.55603	0	270	480	0.044	0.079	0.663
BND2_L2	53	10.798	0.00370	0.01042	0.01106	1	270	480	0.059	0.127	0.663
BND2_L2	54	10.998	0.04074	0.01042	0.04205	1	270	480	0.022	0.115	0.655
BND2_L2	55	11.198	0.47407	0.00208	0.47408	0	270	480	0.259	0.260	0.667
BND2_L2	56	11.398	-0.39259	-0.01250	0.39279	0	270	480	0.130	0.152	0.675
BND2_L2	57	11.598	-0.61111	-0.04167	0.61253	0	270	480	0.207	0.258	0.675
BND2_L2	58	11.798	0.61852	-0.06458	0.62188	0	270	480	0.252	0.296	0.675
BND2_L2	59	12.198	0.30741	-0.05625	0.31251	1	270	480	0.437	0.329	0.698
BND2_L2	61	12.398	-0.03333	-0.05208	0.06184	1	270	480	0.044	0.117	0.682
BND2_L2	62	12.598	-0.06296	-0.08125	0.10279	1	270	480	0.070	0.119	0.710
BND2_L2	63	12.998	-0.75185	-0.28750	0.80495	0	270	480	0.133	0.169	0.749
BND2_L2	65	13.398	-0.32593	0.22917	0.39843	0	270	480	0.467	0.073	0.820
BND2_L2	67	13.598	-0.00000	0.01250	0.01250	1	270	480	0.081	0.258	0.690
BND2_L2	68	13.798	-0.00000	0.01042	0.01042	1	270	480	0.119	0.240	0.690
BND2_L2	69	13.998	0.00370	0.01042	0.01106	1	270	480	0.111	0.210	0.690
BND2_L2	70	14.198	0.00741	0.00833	0.01115	1	270	480	0.104	0.198	0.690
BND2_L2	71	14.398	0.00741	0.00833	0.01115	1	270	480	0.130	0.183	0.690
BND2_L2	72	14.598	0.00741	0.00833	0.01115	1	270	480	0.093	0.181	0.690
BND2_L2	73	14.798	0.00741	0.00833	0.01115	1	270	480	0.052	0.167	0.690
BND2_L2	74	14.998	0.00370	0.01250	0.01304	1	270	480	0.089	0.154	0.690
BND2_L2	75	15.198	-0.04444	-0.01458	0.04678	1	270	480	0.096	0.150	0.690
BND2_L2	76	15.398	-0.01481	-0.03750	0.04032	1	270	480	0.126	0.188	0.675
BND2_L2	77	15.598	-0.08889	-0.01042	0.08950	1	270	480	0.219	0.296	0.659
BND2_L2	78	15.798	0.47407	0.02083	0.47453	0	270	480	0.311	0.340	0.655
BND2_L2	79	15.998	-0.02222	0.02292	0.03192	1	270	480	0.196	0.317	0.639
BND2_L2	80	16.198	-0.00741	0.01667	0.01824	1	270	480	0.056	0.129	0.655
BND2_L2	81	16.398	-0.02222	0.00208	0.02232	1	270	480	0.078	0.123	0.651
BND2_L2	82	16.598	-0.03333	0.00000	0.03333	1	270	480	0.074	0.115	0.659
BND2_L2	83	16.798	-0.02963	-0.00208	0.02970	1	270	480	0.078	0.115	0.663
BND2_L2	84	16.998	-0.02222	-0.00625	0.02308	1	270	480	0.037	0.119	0.671
BND2_L2	85	17.198	-0.01852	-0.01042	0.02125	1	270	480	0.052	0.131	0.671
BND2_L2	86	17.398	-0.01481	-0.00417	0.01539	1	270	480	0.067	0.115	0.678
BND2_L2	87	17.598	0.00370	-0.00208	0.00425	1	270	480	0.030	0.117	0.678
BND2_L2	88	17.798	0.02222	0.00208	0.02232	1	270	480	0.052	0.117	0.682
BND2_L2	89	17.998	0.51852	0.00833	0.51859	0	270	480	0.215	0.325	0.690
BND2_L2	90	18.198	0.03333	0.01042	0.03492	1	270	480	0.107	0.152	0.678
BND2_L2	91	18.398	0.02593	0.00625	0.02667	1	270	480	0.081	0.152	0.667
BND2_L2	92	18.598	0.00741	0.00208	0.00769	1	270	480	0.056	0.144	0.675
BND2_L2	93	18.798	-0.00370	-0.00625	0.00726	1	270	480	0.048	0.123	0.678
BND2_L2	94	18.998	-0.00741	-0.01042	0.01278	1	270	480	0.204	0.231	0.686
BND2_L2	95	19.198	-0.00741	-0.01250	0.01453	1	270	480	0.070	0.400	0.686
BND2_L2	96	19.398	-0.00741	-0.01667	0.01824	1	270	480	0.170	0.217	0.682
BND2_L2	97	19.798	-0.11852	-0.02708	0.12157	1	270	480	0.130	0.188	0.686
BND2_L2	99	19.998	-0.00000	-0.01250	0.01250	1	270	480	0.063	0.106	0.690
BND2_L2	100	20.198	0.00741	-0.01250	0.01453	1	270	480	0.048	0.119	0.690
BND2_L2	101	20.398	0.00741	-0.01458	0.01636	1	270	480	0.148	0.175	0.694
BND2_L2	102	20.598	0.00741	-0.00833	0.01115	1	270	480	0.219	0.156	0.698
BND2_L2	103	20.798	0.01111	-0.00833	0.01389	1	270	480	0.063	0.106	0.694
BND2_L2	104	20.998	0.00741	-0.00208	0.00769	1	270	480	0.330	0.294	0.714
BND2_L2	105	21.398	-0.00370	0.00000	0.00370	1	270	480	0.044	0.127	0.690
BND2_L2	107	21.598	-0.02593	0.00208	0.02601	1	270	480	0.059	0.110	0.690
BND2_L2	108	21.798	-0.04444	0.00417	0.04464	1	270	480	0.063	0.113	0.694
BND2_L2	109	21.998	-0.06296	0.00417	0.06310	1	270	480	0.074	0.133	0.698
BND2_L2	110	22.198	-0.07407	0.00625	0.07434	1	270	480	0.078	0.119	0.702
BND2_L2	111	22.598	-0.11852	0.01250	0.11918	1	270	480	0.067	0.138	0.706
BND2_L2	113	22.798	0.60000	0.00625	0.60003	0	270	480	0.056	0.129	0.698
BND2_L1	0	0.200	-0.00000	0.00000	0.00000	1	270	480	0.122	0.202	0.584
BND2_L1	1	0.400	-0.00000	0.00000	0.00000	1	270	480	0.115	0.192	0.596
BND2_L1	2	0.600	-0.00000	0.00000	0.00000	1	270	480	0.141	0.206	0.604
BND2_L1	3	0.800	-0.00000	0.00000	0.00000	1	270	480	0.159	0.210	0.620
BND2_L1	4	1.000	-0.00000	0.00000	0.00000	1	270	480	0.144	0.221	0.624
BND2_L1	5	1.200	-0.07037	0.00000	0.07037	1	270	480	0.170	0.227	0.620
BND2_L1	6	1.400	-0.00000	0.00000	0.00000	1	270	480	0.163	0.237	0.620
BND2_L1	7	1.598	-0.03333	0.00000	0.03333	1	270	480	0.163	0.250	0.616
BND2_L1	8	1.800	-0.00000	0.00000	0.00000	1	270	480	0.163	0.256	0.608
BND2_L1	9	1.998	0.03704	0.00000	0.03704	1	270	480	0.178	0.269	0.604
BND2_L1	10	2.198	0.03704	0.00000	0.03704	1	270	480	0.178	0.279	0.600
BND2_L1	11	2.400	-0.00000	0.00000	0.00000	1	270	480	0.181	0.285	0.604
BND2_L1	12	2.600	-0.00000	0.02083	0.02083	1	270	480	0.185	0.290	0.600
BND2_L1	13	2.800	-0.00000	0.00000	0.00000	1	270	480	0.189	0.294	0.592
BND2_L1	14	3.000	-0.00000	0.00000	0.00000	1	270	480	0.196	0.294	0.600
BND2_L1	15	3.200	0.03333	0.00000	0.03333	1	270	480	0.207	0.304	0.612
BND2_L1	16	3.400	0.07037	0.00000	0.07037	1	270	480	0.207	0.315	0.616
BND2_L1	17	3.600	0.07037	0.00000	0.07037	1	270	480	0.207	0.323	0.608
BND2_L1	18	3.800	0.03704	0.00000	0.03704	1	270	480	0.244	0.335	0.616
BND2_L1	19	4.000	-0.00000	0.00000	0.00000	1	270	480	0.259	0.369	0.627
BND2_L1	20	4.200	0.01852	0.00208	0.01864	1	270	480	0.278	0.402	0.639
BND2_L1	21	4.600	-0.17407	0.30000	0.34685	1	270	480	0.330	0.444	0.651
BND2_L1	23	4.800	-0.00000	0.03542	0.03542	1	270	480	0.385	0.229	0.580
BND2_L1	24	5.000	-0.00370	0.02917	0.02940	1	270	480	0.463	0.298	0.561
BND2_L1	25	5.200	-0.03333	0.03125	0.04569	1	270	480	0.496	0.383	0.561
BND2_L1	26	5.400	-0.00000	0.00625	0.00625	1	270	480	0.489	0.438	0.561
BND2_L1	27	5.600	-0.00000	0.00417	0.00417	1	270	480	0.489	0.429	0.561
BND2_L1	28	5.800	-0.01111	0.00208	0.01130	1	270	480	0.474	0.412	0.557
BND2_L1	29	6.000	-0.00741	0.00417	0.00850	1	270	480	0.519	0.398	0.553
BND2_L1	30	6.200	-0.00741	0.00208	0.00769	1	270	480	0.526	0.388	0.549
BND2_L1	31	6.400	-0.00741	0.00000	0.00741	1	270	480	0.541	0.404	0.545
BND2_L1	32	6.600	-0.00000	0.00000	0.00000	1	270	480	0.544	0.388	0.545
BND2_L1	33	6.800	-0.00370	0.00000	0.00370	1	270	480	0.552	0.402	0.545
BND2_L1	34	7.000	-0.00741	0.00000	0.00741	1	270	480	0.559	0.404	0.545
BND2_L1	35	7.200	-0.00370	0.00000	0.00370	1	270	480	0.574	0.404	0.545
BND2_L1	36	7.400	-0.00000	0.00208	0.00208	1	270	480	0.559	0.388	0.549
BND2_L1	37	7.600	-0.01852	0.00000	0.01852	1	270	480	0.541	0.385	0.553
BND2_L1	38	7.800	-0.00741	0.00000	0.00741	1	270	480	0.530	0.381	0.557
BND2_L1	39	8.000	-0.00370	0.00000	0.00370	1	270	480	0.519	0.367	0.561
BND2_L1	40	8.200	-0.00000	0.00417	0.00417	1	270	480	0.504	0.340	0.561
BND2_L1	41	8.400	-0.00370	0.00000	0.00370	1	270	480	0.507	0.342	0.557
BND2_L1	42	8.600	-0.00741	0.00000	0.00741	1	270	480	0.500	0.365	0.561
BND2_L1	43	8.800	-0.00741	0.00000	0.00741	1	270	480	0.430	0.365	0.565
BND2_L1	44	9.000	-0.00370	0.00000	0.00370	1	270	480	0.411	0.375	0.569
BND2_L1	45	9.200	-0.00370	-0.00208	0.00425	1	270	480	0.415	0.375	0.569
BND2_L1	46	9.398	-0.00370	-0.00208	0.00425	1	270	480	0.411	0.373	0.569
BND2_L1	47	9.598	-0.00370	-0.00208	0.00425	1	270	480	0.404	0.367	0.569
BND2_L1	48	9.798	-0.00000	-0.00208	0.00208	1	270	480	0.389	0.356	0.569
BND2_L1	49	9.998	-0.00000	-0.00417	0.00417	1	270	480	0.378	0.354	0.573
BND2_L1	50	10.198	0.00370	-0.00417	0.00557	1	270	480	0.363	0.350	0.576
BND2_L1	51	10.398	-0.00000	-0.00417	0.00417	1	270	480	0.356	0.340	0.576
BND2_L1	52	10.598	-0.00000	-0.00417	0.00417	1	270	480	0.348	0.340	0.580
BND2_L1	53	10.798	0.00370	-0.00417	0.00557	1	270	480	0.337	0.333	0.580
BND2_L1	54	10.998	0.00370	-0.00625	0.00726	1	270	480	0.333	0.331	0.588
BND2_L1	55	11.198	0.00370	-0.00417	0.00557	1	270	480	0.322	0.325	0.592
BND2_L1	56	11.398	0.00370	-0.00417	0.00557	1	270	480	0.319	0.323	0.592
BND2_L1	57	11.598	0.00370	-0.00625	0.00726	1	270	480	0.315	0.321	0.592
BND2_L1	58	11.798	0.00370	-0.00625	0.00726	1	270	480	0.311	0.310	0.596
BND2_L1	59	11.998	0.00741	-0.00625	0.00969	1	270	480	0.319	0.315	0.596
BND_L1	0	0.200	-0.08148	-0.05208	0.09671	1	270	480	0.159	0.140	0.553
BND_L1	1	0.400	0.01111	0.00417	0.01187	1	270	480	0.159	0.158	0.549
BND_L1	2	0.600	0.00741	0.00417	0.00850	1	270	480	0.174	0.156	0.549
BND_L1	3	0.800	0.00370	0.00417	0.00557	1	270	480	0.122	0.169	0.549
BND_L1	4	1.000	-0.00000	0.00417	0.00417	1	270	480	0.133	0.152	0.549
BND_L1	5	1.200	0.00370	0.00417	0.00557	1	270	480	0.152	0.148	0.545
BND_L1	6	1.598	-0.01111	0.01042	0.01523	1	270	480	0.141	0.133	0.545
BND_L1	8	1.800	-0.00000	0.00625	0.00625	1	270	480	0.189	0.152	0.545
BND_L1	9	1.998	-0.00370	0.00417	0.00557	1	270	480	0.056	0.133	0.545
BND_L1	10	2.198	-0.00000	0.00208	0.00208	1	270	480	0.089	0.138	0.549
BND_L1	11	2.400	-0.01111	0.00000	0.01111	1	270	480	0.159	0.135	0.549
BND_L1	12	2.600	-0.00370	0.00000	0.00370	1	270	480	0.196	0.138	0.549
BND_L1	13	2.800	-0.00000	0.00000	0.00000	1	270	480	0.211	0.140	0.545
BND_L1	14	3.000	0.00370	0.00000	0.00370	1	270	480	0.222	0.148	0.545
BND_L1	15	3.200	0.01481	0.00000	0.01481	1	270	480	0.222	0.142	0.545
BND_L1	16	3.400	0.02222	0.00000	0.02222	1	270	480	0.219	0.133	0.545
BND_L1	17	3.600	0.01852	0.00000	0.01852	1	270	480	0.207	0.138	0.545
BND_L1	18	3.800	0.02222	0.00000	0.02222	1	270	480	0.215	0.117	0.545
BND_L1	19	4.000	0.02593	0.00208	0.02601	1	270	480	0.219	0.115	0.541
BND_L1	20	4.200	0.04074	0.00208	0.04079	1	270	480	0.141	0.127	0.553
BND_L1	21	4.400	0.02222	0.00417	0.02261	1	270	480	0.104	0.133	0.553
BND_L1	22	4.600	-0.00000	0.00208	0.00208	1	270	480	0.111	0.131	0.553
BND_L1	23	5.800	-0.08519	0.00417	0.08529	1	270	480	0.122	0.125	0.549
BND_L1	29	6.400	-0.08148	-0.00417	0.08159	1	270	480	0.174	0.160	0.549
BND_L1	32	6.600	-0.00000	-0.00208	0.00208	1	270	480	0.096	0.125	0.545
BND_L1	33	6.800	-0.00000	-0.00208	0.00208	1	270	480	0.133	0.113	0.541
BND_L1	34	7.000	-0.01852	-0.00208	0.01864	1	270	480	0.152	0.100	0.541
BND_L1	35	7.200	-0.00000	-0.00417	0.00417	1	270	480	0.174	0.110	0.545
BND_L1	36	7.400	-0.00000	-0.00417	0.00417	1	270	480	0.152	0.125	0.549
BND_L1	37	7.600	-0.00000	-0.00417	0.00417	1	270	480	0.174	0.131	0.549
BND_L1	38	8.000	0.01852	-0.00625	0.01954	1	270	480	0.174	0.138	0.553
BND_L1	40	9.000	0.15185	0.00000	0.15185	1	270	480	0.141	0.083	0.549
BND_L1	45	9.200	-0.00000	0.00000	0.00000	1	270	480	0.126	0.106	0.549
BND_L2	1	0.400	-0.00000	0.00208	0.00208	1	270	480	0.193	0.258	0.435
BND_L2	2	0.600	-0.00000	0.00417	0.00417	1	270	480	0.189	0.263	0.435
BND_L2	3	0.800	-0.00000	0.00208	0.00208	1	270	480	0.196	0.256	0.435
BND_L2	4	1.000	-0.00000	0.00000	0.00000	1	270	480	0.144	0.254	0.439
BND_L2	5	1.400	-0.00000	0.00208	0.00208	1	270	480	0.107	0.248	0.435
BND_L2	7	1.998	0.11852	0.00000	0.11852	1	270	480	0.170	0.225	0.439
BND_L2	10	2.198	-0.00370	0.00000	0.00370	1	270	480	0.119	0.215	0.455
BND_L2	11	2.400	-0.01481	0.00000	0.01481	1	270	480	0.163	0.198	0.451
BND_L2	14	3.000	-0.00370	0.00417	0.00557	1	270	480	0.152	0.217	0.447
BND_L2	15	3.200	-0.00370	0.00000	0.00370	1	270	480	0.141	0.219	0.443
BND_L2	16	3.600	-0.00741	0.00000	0.00741	1	270	480	0.104	0.212	0.443
BND_L2	18	4.200	0.08889	0.59375	0.60037	0	270	480	0.104	0.219	0.443
BND_L2	23	4.800	0.00370	0.00417	0.00557	1	270	480	0.219	0.269	0.439
BND_L2	24	5.000	0.01111	0.00625	0.01275	1	270	480	0.204	0.260	0.435
BND_L2	25	5.200	-0.00000	0.00208	0.00208	1	270	480	0.204	0.256	0.435
BND_L2	26	5.400	0.04074	0.00208	0.04079	1	270	480	0.193	0.246	0.435
BND_L2	27	8.200	-0.63704	-0.03542	0.63802	0	270	480	0.167	0.256	0.431
BND_L2	41	8.400	0.57037	-0.00208	0.57037	0	270	480	0.156	0.406	0.467
BND_L2	42	8.800	0.57407	0.00000	0.57407	0	270	480	0.193	0.404	0.467
BND_L2	44	9.000	-0.41481	0.00000	0.41481	0	270	480	0.556	0.200	0.467
BND_L2	45	9.200	0.58889	-0.03542	0.58995	0	270	480	0.578	0.400	0.475
BND_L2	46	9.398	-0.03333	-0.00417	0.03359	1	270	480	0.085	0.152	0.459
BND_L2	47	9.798	0.74444	-0.00417	0.74446	0	270	480	0.100	0.144	0.459
BND_L2	49	9.998	-0.07037	0.00000	0.07037	1	270	480	0.104	0.127	0.467
BND_L2	50	10.198	-0.05926	0.00000	0.05926	1	270	480	0.111	0.131	0.467
BND_L2	51	10.598	-0.14074	0.00000	0.14074	1	270	480	0.081	0.113	0.471
BND_L2	53	11.398	-0.45556	0.03542	0.45693	0	270	480	0.081	0.125	0.471
BND_L2	57	11.798	0.71852	0.03542	0.71939	0	270	480	0.074	0.123	0.490
BND_L2	59	11.998	-0.00000	0.00000	0.00000	1	270	480	0.119	0.125	0.463
BND_L2	60	12.198	-0.00000	0.03333	0.03333	1	270	480	0.104	0.146	0.361
BND_L2	61	12.398	-0.00000	0.00000	0.00000	1	270	480	0.111	0.163	0.263
BND_L2	62	12.598	-0.00000	0.00000	0.00000	1	270	480	0.133	0.175	0.173
BND_L3	0	0.200	-0.05556	-0.00417	0.05571	1	270	480	0.326	0.360	0.569
BND_L3	1	0.600	-0.42963	-0.00833	0.42971	0	270	480	0.319	0.373	0.580
BND_L3	3	1.000	-0.75185	-0.00208	0.75185	0	270	480	0.356	0.483	0.604
BND_L3	5	1.200	-0.75185	-0.00208	0.75185	0	270	480	0.270	0.552	0.612
BND_L3	6	1.400	-0.75185	-0.00208	0.75185	0	270	480	0.241	0.548	0.608
BND_L3	7	1.998	-0.04074	-0.00625	0.04122	1	270	480	0.215	0.548	0.604
BND_L3	14	3.000	0.65185	-0.00208	0.65186	0	270	480	0.241	0.402	0.596
BND_L3	15	3.200	0.02222	0.00000	0.02222	1	270	480	0.263	0.438	0.604
BND_L3	16	3.800	-0.01481	-0.00208	0.01496	1	270	480	0.248	0.427	0.604
BND_L3	19	4.000	0.08148	0.00000	0.08148	1	270	480	0.163	0.427	0.612
BND_L3	20	4.200	-0.00000	0.00000	0.00000	1	270	480	0.256	0.377	0.624
BND_L3	21	4.400	-0.74444	0.00208	0.74445	0	270	480	0.270	0.360	0.624
BND_L3	22	4.600	-0.02963	0.00417	0.02992	1	270	480	0.219	0.352	0.624
BND_L3	23	4.800	-0.02222	0.00417	0.02261	1	270	480	0.230	0.352	0.624
BND_L3	24	5.200	0.61852	0.00417	0.61853	0	270	480	0.196	0.360	0.624
BND_L3	28	6.600	0.41111	0.00833	0.41120	0	270	480	0.430	0.419	0.620
BND_L3	33	6.800	0.15926	0.00000	0.15926	1	270	480	0.311	0.398	0.616
BND_L3	34	7.000	0.12593	0.00000	0.12593	1	270	480	0.389	0.358	0.624
BND_L3	35	7.200	0.08889	0.00208	0.08891	1	270	480	0.385	0.362	0.631
BND_L3	38	8.200	0.69630	0.46875	0.83938	0	270	480	0.111	0.202	0.596
BND_L3	45	9.200	0.06667	0.00625	0.06696	1	270	480	0.270	0.229	0.620
BND_L3	46	9.398	-0.00000	-0.01667	0.01667	1	270	480	0.211	0.163	0.612
BND_L3	47	9.598	0.46296	-0.02292	0.46353	0	270	480	0.204	0.200	0.620
BND_L3	48	9.998	-0.14444	-0.01458	0.14518	1	270	480	0.178	0.177	0.616
BND_L3	50	10.198	-0.00000	-0.00625	0.00625	1	270	480	0.207	0.273	0.616
BND_L3	51	10.398	-0.00000	-0.01042	0.01042	1	270	480	0.256	0.196	0.620
BND_L3	52	10.598	0.35556	0.00417	0.35558	0	270	480	0.274	0.277	0.612
BND_L3	53	10.998	0.67778	0.00625	0.67781	0	270	480	0.159	0.198	0.608
BND_L3	55	11.198	-0.61111	0.00208	0.61111	0	270	480	0.144	0.263	0.592
BND_L3	56	11.798	-0.75185	0.56875	0.94274	0	270	480	0.204	0.227	0.588
BND_L3	59	11.998	-0.04074	-0.00417	0.04095	1	270	480	0.163	0.190	0.537
BND_L3	60	12.198	-0.07778	0.00417	0.07789	1	270	480	0.156	0.171	0.502
BND_L3	61	12.398	-0.06667	0.00833	0.06719	1	270	480	0.156	0.192	0.467
BND_L3	62	12.598	-0.08148	0.00208	0.08151	1	270	480	0.152	0.173	0.416
BND_L3	63	12.798	-0.07037	-0.00417	0.07049	1	270	480	0.096	0.175	0.365
BND_L3	64	12.998	0.30000	-0.00208	0.30001	1	270	480	0.130	0.169	0.329
BND_L3	65	13.198	-0.00000	-0.00417	0.00417	1	270	480	0.619	0.515	0.341
BND_L3	66	13.398	0.00370	-0.00625	0.00726	1	270	480	0.596	0.473	0.318
BND_L3	67	13.598	0.02222	-0.00625	0.02308	1	270	480	0.585	0.475	0.310
BND_L3	68	13.798	0.01852	0.00208	0.01864	1	270	480	0.470	0.479	0.302
BND_L3	69	13.998	0.02963	0.00417	0.02992	1	270	480	0.478	0.485	0.306
BND_L3	70	14.198	0.03333	0.00000	0.03333	1	270	480	0.589	0.510	0.314
BND_L3	71	14.398	0.01481	0.00417	0.01539	1	270	480	0.759	0.504	0.325
BND_L3	72	14.798	-0.10000	0.03125	0.10477	1	270	480	0.730	0.554	0.337
BND_L3	74	15.198	-0.41481	0.00625	0.41486	0	270	480	0.459	0.542	0.322
BND_L3	76	15.398	-0.08519	0.00625	0.08541	1	270	480	0.122	0.194	0.278
BND_L3	77	15.598	-0.11852	0.00208	0.11854	1	270	480	0.156	0.198	0.282
BND_L3	78	15.798	-0.13333	0.00833	0.13359	1	270	480	0.130	0.206	0.286
BND_L3	79	15.998	-0.08519	0.00000	0.08519	1	270	480	0.104	0.212	0.294
BND_L3	80	16.198	-0.02963	0.00000	0.02963	1	270	480	0.115	0.221	0.294
BND_L3	81	16.398	-0.00000	-0.00208	0.00208	1	270	480	0.074	0.227	0.290
BND_L3	82	16.598	0.08519	0.00000	0.08519	1	270	480	0.056	0.233	0.271
BND_L3	83	17.398	0.48519	-0.02292	0.48573	0	270	480	0.089	0.231	0.255
BND_L3	87	17.598	-0.72593	0.01042	0.72600	0	270	480	0.170	0.290	0.231
BND_L3	88	17.998	-0.10741	0.00208	0.10743	1	270	480	0.178	0.321	0.231
BND_L3	90	18.398	0.00370	0.00000	0.00370	1	270	480	0.063	0.135	0.227
BND_L3	92	18.598	-0.00000	-0.03542	0.03542	1	270	480	0.193	0.142	0.224
BND_L3	93	18.798	0.03333	-0.01042	0.03492	1	270	480	0.300	0.458	0.247
BND_L3	94	18.998	-0.61852	-0.00417	0.61853	0	270	480	0.241	0.467	0.247
BND_L3	95	19.198	0.00741	-0.00417	0.00850	1	270	480	0.163	0.150	0.227
BND_L3	96	19.398	0.70370	-0.00208	0.70371	0	270	480	0.156	0.152	0.231
BND_L3	97	19.598	-0.00000	0.00000	0.00000	1	270	480	0.285	0.483	0.259
BND_L3	98	19.798	-0.71481	0.00000	0.71481	0	270	480	0.219	0.471	0.255
BND_L3	99	19.998	0.01481	-0.00417	0.01539	1	270	480	0.104	0.171	0.243
BND_L3	100	20.198	0.01852	0.00000	0.01852	1	270	480	0.130	0.167	0.247
BND_L3	101	20.398	-0.75185	0.00208	0.75185	0	270	480	0.189	0.173	0.235
BND_L3	102	20.598	0.68519	-0.00208	0.68519	0	270	480	0.289	0.546	0.255
BND_L3	103	20.798	-0.01481	0.00000	0.01481	1	270	480	0.193	0.165	0.231
BND_L3	104	20.998	-0.03333	0.00417	0.03359	1	270	480	0.204	0.156	0.227
BND_L3	105	21.198	-0.02222	0.00208	0.02232	1	270	480	0.185	0.152	0.224
BND_L3	106	21.398	-0.06667	0.00417	0.06680	1	270	480	0.156	0.148	0.220
BND_L3	107	21.598	-0.03333	-0.01250	0.03560	1	270	480	0.100	0.156	0.220
BND_L3	108	21.798	-0.00000	0.00625	0.00625	1	270	480	0.141	0.152	0.216
BND2_LM	0	0.200	-0.00000	0.00000	0.00000	1	270	480	0.226	0.302	0.569
BND2_LM	1	0.400	-0.00000	0.00000	0.00000	1	270	480	0.281	0.300	0.569
BND2_LM	2	0.600	-0.00000	0.00000	0.00000	1	270	480	0.344	0.321	0.580
BND2_LM	3	0.800	-0.00000	0.00000	0.00000	1	270	480	0.341	0.348	0.580
BND2_LM	4	1.000	-0.00000	0.00000	0.00000	1	270	480	0.341	0.356	0.576
BND2_LM	5	1.200	-0.00000	0.00000	0.00000	1	270	480	0.319	0.358	0.569
BND2_LM	6	1.400	-0.00000	0.00000	0.00000	1	270	480	0.281	0.377	0.565
BND2_LM	7	1.598	-0.00000	0.00000	0.00000	1	270	480	0.230	0.394	0.565
BND2_LM	8	1.800	-0.00000	0.00000	0.00000	1	270	480	0.196	0.385	0.561
BND2_LM	9	1.998	-0.00000	0.00000	0.00000	1	270	480	0.200	0.388	0.561
BND2_LM	10	2.198	-0.00000	0.00000	0.00000	1	270	480	0.200	0.388	0.561
BND2_LM	11	2.400	-0.00000	0.00000	0.00000	1	270	480	0.200	0.388	0.561
BND2_LM	12	2.600	-0.00000	0.00000	0.00000	1	270	480	0.200	0.388	0.561
BND2_LM	13	2.800	-0.00000	0.00000	0.00000	1	270	480	0.200	0.388	0.561
BND2_LM	14	3.000	-0.60000	0.00000	0.60000	0	270	480	0.204	0.388	0.561
BND2_LM	15	3.200	-0.00000	0.00000	0.00000	1	270	480	0.393	0.460	0.608
BND2_LM	16	3.400	-0.00000	0.00000	0.00000	1	270	480	0.356	0.487	0.604
BND2_LM	17	3.600	-0.55926	0.00000	0.55926	0	270	480	0.285	0.485	0.600
BND2_LM	18	3.800	-0.00000	0.00000	0.00000	1	270	480	0.200	0.492	0.584
BND2_LM	19	4.000	-0.00000	0.00000	0.00000	1	270	480	0.270	0.510	0.588
BND2_LM	20	4.200	-0.00000	0.00000	0.00000	1	270	480	0.333	0.558	0.584
BND2_LM	21	4.400	-0.00000	0.00000	0.00000	1	270	480	0.337	0.554	0.584
BND2_LM	22	4.600	-0.00000	0.00000	0.00000	1	270	480	0.337	0.554	0.584
BND2_LM	23	4.800	-0.00000	0.00000	0.00000	1	270	480	0.337	0.556	0.584
BND2_LM	24	5.000	-0.07037	0.00000	0.07037	1	270	480	0.319	0.381	0.604
BND2_LM	25	5.200	-0.00000	0.00000	0.00000	1	270	480	0.319	0.373	0.596
BND2_LM	26	5.400	0.72963	0.00000	0.72963	0	270	480	0.296	0.390	0.596
BND2_LM	27	5.600	0.74815	0.00000	0.74815	0	270	480	0.241	0.410	0.596
BND2_LM	28	5.800	-0.11481	0.00000	0.11481	1	270	480	0.141	0.427	0.592
BND2_LM	29	6.000	-0.00000	0.00000	0.00000	1	270	480	0.200	0.444	0.592
BND2_LM	30	6.200	-0.00000	0.00000	0.00000	1	270	480	0.252	0.454	0.596
BND2_LM	31	6.400	-0.00000	0.00000	0.00000	1	270	480	0.248	0.452	0.596
BND2_LM	32	6.600	-0.00000	0.00000	0.00000	1	270	480	0.248	0.452	0.596
BND2_LM	33	6.800	0.08519	-0.05208	0.09985	1	270	480	0.248	0.452	0.596
BND2_LM	34	7.000	-0.00000	0.00000	0.00000	1	270	480	0.256	0.335	0.612
BND2_LM	35	7.200	-0.08519	0.00000	0.08519	1	270	480	0.204	0.340	0.616
BND2_LM	36	7.400	0.05556	0.00000	0.05556	1	270	480	0.141	0.346	0.616
BND2_LM	37	7.600	-0.00000	0.00000	0.00000	1	270	480	0.148	0.342	0.616
BND2_LM	38	7.800	-0.00000	0.00000	0.00000	1	270	480	0.170	0.356	0.612
BND2_LM	39	8.000	-0.00000	0.00000	0.00000	1	270	480	0.170	0.356	0.612
BND2_LM	40	8.200	-0.00000	0.00000	0.00000	1	270	480	0.170	0.356	0.612
BND2_LM	41	8.400	-0.00000	0.00000	0.00000	1	270	480	0.170	0.356	0.612
BND2_LM	42	8.600	-0.00000	0.00000	0.00000	1	270	480	0.170	0.356	0.612
BND2_LM	43	8.800	0.03333	-0.05625	0.06538	1	270	480	0.170	0.356	0.612
BND2_LM	44	9.000	0.02963	0.00000	0.02963	1	270	480	0.252	0.394	0.659
BND2_LM	45	9.200	-0.00000	0.00000	0.00000	1	270	480	0.341	0.398	0.651
BND2_LM	46	9.398	-0.04074	0.00000	0.04074	1	270	480	0.433	0.423	0.647
BND2_LM	47	9.598	-0.00000	0.00000	0.00000	1	270	480	0.489	0.456	0.643
BND2_LM	48	9.798	-0.00000	0.00000	0.00000	1	270	480	0.489	0.463	0.639
BND2_LM	49	9.998	-0.00000	0.00000	0.00000	1	270	480	0.485	0.463	0.639
BND2_LM	50	10.198	-0.00000	0.00000	0.00000	1	270	480	0.489	0.463	0.639
BND2_LM	51	10.398	-0.65185	-0.49792	0.82026	0	270	480	0.489	0.463	0.639
BND2_LM	52	10.598	-0.00000	0.00000	0.00000	1	270	480	0.333	0.325	0.663
BND2_LM	53	10.798	-0.05556	0.00000	0.05556	1	270	480	0.319	0.335	0.671
BND2_LM	54	10.998	-0.04444	-0.00208	0.04449	1	270	480	0.307	0.356	0.675
BND2_LM	55	11.198	-0.00000	0.00000	0.00000	1	270	480	0.293	0.354	0.667
BND2_LM	56	11.398	-0.00000	0.00000	0.00000	1	270	480	0.293	0.356	0.667
BND2_LM	57	11.598	-0.00000	0.00000	0.00000	1	270	480	0.293	0.358	0.667
BND2_LM	58	11.798	0.71852	0.34167	0.79562	0	270	480	0.293	0.356	0.667
BND2_LM	59	11.998	0.03333	0.00000	0.03333	1	270	480	0.137	0.329	0.635
BND2_LM	60	12.198	0.01481	0.00000	0.01481	1	270	480	0.148	0.333	0.635
BND2_LM	61	12.398	-0.53333	0.00208	0.53334	0	270	480	0.174	0.333	0.635
BND2_LM	62	12.598	-0.00000	0.00000	0.00000	1	270	480	0.226	0.335	0.620
BND2_LM	63	12.798	-0.00000	0.00000	0.00000	1	270	480	0.226	0.340	0.616
BND2_LM	64	12.998	-0.00000	0.00000	0.00000	1	270	480	0.226	0.340	0.616
BND2_LM	65	13.198	-0.00000	0.00000	0.00000	1	270	480	0.226	0.340	0.616
BND2_LM	66	13.398	-0.00000	0.00000	0.00000	1	270	480	0.226	0.340	0.616
BND2_LM	67	13.598	-0.00000	0.00000	0.00000	1	270	480	0.226	0.340	0.616
BND2_LM	68	13.798	-0.00000	0.00000	0.00000	1	270	480	0.226	0.335	0.616
BND2_LM	69	13.998	-0.00000	0.00000	0.00000	1	270	480	0.226	0.335	0.616
BND2_LM	70	14.198	-0.00000	0.00000	0.00000	1	270	480	0.226	0.338	0.616
BND2_LM	71	14.398	-0.00000	0.00000	0.00000	1	270	480	0.226	0.338	0.616
BND2_LM	72	14.598	-0.00000	0.00000	0.00000	1	270	480	0.226	0.338	0.616